Team Name, GitHub ID of members ,,,,
Decaf, cflores713 pbyrnes01 chall18 katherinekin chrismoran95,,,,
Lucid, yj7o5 ChangHS qmatejek Jay-Fear kaluawa22 ,,,,
C--,KeithDinh Tuyencaok thieny1991 zbrewer185 calebstrain,,,,
Genius_Tech_Bees, justinton2020, Aeromackerel, kterwelp, thaohien97, leducloi
A_Cup_of_Java_Plz, jillianfredette, migsbeast, Mifa79, Droid-53, Kevinhuynh269
coolteam12, apbien, sunnytran, frankjaymez, ryantorrecampo,
Javalanche, dwijap, gaalabi, neveland98, paolagaribay, jofebocc
uhed, awrohan, yrgurijala, sgalera, JamzJamzJamz, Korywon
ClicheTumbleweed, jmhayes3, ramirocastrejon, ggdgg94, knunnelly, Rogelio96
CrashOverride, ClaytonMcCray, AdamSepulveda, Steven-SS, JonathanHernandez22, ChaddJones22
Team1114, JKaitoK, NicGraves, Duncan McPhie, jnlongnecker,
The Code Frogs, ColbyK, XLOCKDOWN, Spensar, jackeduardo, ivnfs
Avengers, armandrosario,ervincanigur,Oboubenider,Omarsufyan
Wolverines, Scor0806, Ljw1765, TechGlitch, patrickyeeuh
Smash Coders, austinm34, dimas713, ZarazuaSanchez
